item_id,role,claim,status,source_files,rendered_artifact_status,boundary
Figure 1,Study design and evidence gates,The project separates executable local evidence from unresolved confirmation gates.,ready_for_schematic,reports/figure1_table1_sources_20260810/table1_asset_audit.csv; reports/figure1_table1_sources_20260810/figure1_flow_source.csv,not_rendered_yet,"This figure is a protocol/asset map, not a performance result."
Figure 2,Five-model cross-model result matrix,Res-SAM environment transfer is the strongest current cross-model signal.,ready_for_plot,reports/figure2_table2_sources_20260810/figure2_source_data.csv; reports/figure2_table2_sources_20260810/table2_model_family_support.csv,not_rendered_yet,Scope is Mojahid and Res-SAM only; 4TU and blind external assets are not included in this matrix.
Figure 3,Mojahid split inflation baseline,Mojahid random-minus-grouped performance inflation is directionally consistent but modest/model-dependent.,ready_with_caution,reports/figure3_sources_20260810/figure3_hog_split_source_data.csv; reports/figure3_sources_20260810/figure3_model_delta_source_data.csv; reports/figure3_sources_20260810/figure3_claim_boundary.csv,not_rendered_yet,Do not frame as a universal leakage effect; only 1/5 model families reaches material support.
Figure 4,4TU raw-trace counterfactual stress test,4TU multi-layer counterfactual stress-test evidence remains a feasibility-boundary layer rather than main confirmation.,ready_with_caution,reports/figure4_sources_20260810/figure4_counterfactual_source_data.csv; reports/figure4_sources_20260810/figure4_evidence_layer_boundary.csv,not_rendered_yet,"This is stress-test and feasibility-boundary evidence, not final causal proof, main confirmation or blind external validation."
Figure 5,4TU feasibility and failure-mode map,Current 4TU labels are insufficient for the main cross-model confirmation layer.,ready_for_table_or_supplement,reports/figure5_figure6_sources_20260810/figure5_4tu_feasibility_source_data.csv,not_rendered_yet,"This is a gate/failure-mode result; it supports study design decisions, not model superiority."
Figure 6,External blind validation gate,Blind external validation remains unavailable under the frozen protocol.,gate_open_not_result,reports/figure5_figure6_sources_20260810/figure6_external_gate_source_data.csv; reports/external_validation_readiness_20260810/external_validation_readiness_tracks.csv,not_rendered_yet,The locked evaluation is template dry-run only; no manuscript claim can call it real blind external validation.
Table 1,Dataset and asset audit,"Only Mojahid, 4TU and Res-SAM are executable local assets at this checkpoint; TIGPR is supporting-only.",ready_for_table,reports/figure1_table1_sources_20260810/table1_asset_audit.csv; data_manifests/mojahid_unified_samples_20260810.csv; data_manifests/four_tu_unified_samples_20260810.csv; data_manifests/res_sam_unified_samples_20260810.csv; data_manifests/tigpr_unified_samples_20260810.csv,table_source_ready,"Counts are local executable rows, not global dataset sizes."
Table 2,Model-family support summary,Cross-model material support is strong for Res-SAM transfer and weak for Mojahid split inflation.,ready_for_table,reports/figure2_table2_sources_20260810/table2_model_family_support.csv; reports/five_model_synthesis_20260810/five_model_synthesis_claim_summary.csv,table_source_ready,Summary excludes 4TU and true blind external validation.
Table 3,Gate status and remaining requirements,The Nature Communications route remains conditional rather than submission-ready.,ready_for_internal_decision_table,checkpoints/gate_status_20260810.md; checkpoints/checkpoint_20260810.md,table_source_ready,May be internal planning material unless the manuscript is framed as a benchmark/resource paper.
